{
    "anchorpoints": [],
    "portpins": [
        {
            "name": "1",
            "position": [
                0.0,
                -13.040000000000001,
                4.7159075
            ],
            "rotation": [
                0.0,
                0.0,
                1.0,
                1.0,
                0.0,
                0.0,
                0.0,
                1.0,
                0.0
            ]
        }
    ],
    "version": 6
}